,0
0,937.0822161893991
1,934.2599204146276
2,950.4162447789558
3,2037.5013285873704
4,954.5036847879614
5,1189.3741157338989
6,1057.9870797486503
7,892.9405626975239
8,1005.606456201502
9,1233.9058054250934
10,953.5781829981023
11,1206.4217954691514
12,993.8563621252159
13,919.045411998936
14,887.3721231894067
15,1039.5115747442442
16,929.1139662294106
17,939.2062776769336
18,983.9586329847704
19,941.7194266896346
20,1164.4436715599704
21,923.1384541120322
22,878.8502099023558
23,935.7477277985762
24,988.8910919230806
25,939.6588477867874
26,1062.0480994345864
27,961.4573174000938
28,996.0139676141994
29,938.3782999122693
30,972.6817158264106
31,990.0596295073944
32,997.7182147973353
33,1550.5771904374337
34,1050.4771992752799
35,907.4145088252608
36,1169.9031530505524
37,1050.376460352308
38,1045.4172966007113
39,998.0040162330622
40,892.3627990537066
41,1178.7949351504674
42,890.6982671762006
43,1235.2330486307983
44,2403.2726439540206
45,2894.9156084953815
46,2934.5053491323406
47,4291.0260815711135
48,3044.0242459084043
49,2885.2695081248935
50,2887.671194928971
51,2756.2025055987538
52,2691.8405905262443
53,3043.0266108230903
54,2695.699419247214
55,3009.6126181163713
56,2721.1762338050894
57,2591.5879015124297
58,2851.632748927446
59,3164.841327840679
60,3026.4057177612485
61,3153.3043566280285
62,2726.84914376476
63,3048.181798284722
64,3422.131641365008
65,2572.2084990553417
66,3033.7208687604702
67,3155.1402496717083
68,2978.1758379107227
69,2778.33620211452
70,3109.304138947254
71,3399.8948732659574
72,2904.841139805094
73,2830.4025018967372
74,3036.5145434609
75,2963.2346834623763
76,2857.988041916278
77,3284.525295515807
78,2865.038682544976
79,2511.4389781500754
80,2960.8248228010248
81,3076.9718432898903
82,2991.120701367875
83,3036.308065224805
84,3386.3626082972887
85,2663.7644068053514
86,2698.110655941769
87,2644.801140925325
88,2751.9138929160617
89,2732.1933405045206
90,3434.6541415758243
91,3599.0502700839716
92,2979.5089752778445
93,3169.4018449218065
94,2834.670244128126
95,2741.70246865592
96,2924.052567722886
97,2854.0805530744974
98,2509.885154865866
99,2884.2013701828223
100,2870.4820511133107
101,2824.3180750380475
102,3137.9860014544847
103,2470.096181623511
104,2715.10233765545
105,2701.279469605051
106,2353.392683477235
107,3312.753051735976
108,2716.1223859149063
109,2226.2805514211263
110,2752.3491124985057
111,2628.181891407638
112,3002.7972759373615
113,3180.389336132717
114,2747.072975348694
115,3359.6462572643286
116,2963.103446378165
117,2822.821229041582
118,3359.5001145607102
119,3076.8367951078944
120,3033.4063200712526
121,3478.5620557151487
122,2972.343344592019
123,2456.3423520352435
124,2577.8201091763776
125,3711.0317687896963
126,2952.425065264271
127,2905.4690782706757
128,2772.8850261147136
129,3044.2362006931307
130,2749.051979564186
131,3097.407851057949
132,2859.8063878737375
133,2938.7032055432646
134,3674.7936265105377
135,3506.723505324046
136,2649.718103662361
137,2616.2843478920845
138,2602.3193442665342
139,3048.766537225548
140,2715.5556744763726
141,2832.109481457468
142,2541.159981746758
143,3844.6265305554957
144,2557.041314892142
145,2109.016297395403
146,2771.126662984279
147,2827.0642369739053
148,3021.8182796965907
149,2805.2471364898606
150,3026.141329084204
151,2888.5752330031273
152,3276.25506482138
153,3075.12646484627
154,2763.7366555604767
155,2451.9371733519106
156,2653.1944701524867
157,2760.4252768899996
158,3093.203284999203
159,2955.734238788541
160,2680.5651145057495
161,3055.567495018305
162,2984.236627054167
163,3248.1210418442884
164,2543.024032451908
165,3958.522814017329
166,3078.815876491935
167,2897.9768939706055
168,3207.169870711087
169,3247.7611358952013
170,3428.7863202671747
171,2831.649783055261
172,2721.9200563254317
173,3299.7397622333197
174,3298.91448757505
175,3260.012807376402
176,3078.6947120489685
177,2770.0146046017207
178,2822.85265426858
179,3465.8434719227585
180,2196.0633627165025
181,3010.6423591275193
182,2733.018936942548
183,1851.1506654601246
184,2538.256245413388
185,2758.393976427119
186,2903.195911992987
187,2524.6315862564406
188,2824.457226815096
189,2995.4384045425377
190,2379.0396398320736
191,2687.1405847473116
192,2831.5886483908184
193,2978.9281995829533
194,3251.2922487384008
195,3009.808741192082
196,2821.902355609652
197,2563.7459354009447
198,2538.8275356567456
199,2702.728556701199
200,2980.0478308981046
201,2637.301488179295
202,2974.090686232964
203,3684.914680958571
204,2566.2316825928738
205,2625.655463839767
206,3283.9593781325943
207,2597.6915641975256
208,3524.536724652942
209,3112.6169644071047
210,2876.84593742386
211,3141.4680604247296
212,3433.333757089676
213,2951.3048395842725
214,3155.0809018252057
215,2264.9891366340335
216,2750.012403923796
217,3007.870612665802
218,2790.02501056783
219,2886.73528282358
220,2736.5987676921195
221,2889.413243120251
222,3156.963513190384
223,4087.3972415363814
224,3182.195881230551
225,3124.0163639648767
226,3322.9089054150395
227,2734.303676228431
228,2280.5770858542646
229,3369.2897157487396
230,3167.673143025218
231,3339.427298776881
232,2989.2138167591224
233,3122.3527842870303
234,2952.1498991808135
235,2460.7123980517013
236,3084.833428573282
237,2833.3343191531067
238,2901.7293384795857
239,2636.455208704434
240,3492.355620710828
241,2753.1393746228446
242,2624.9411063978955
243,3141.830176315908
244,2787.595452308786
245,2845.43590414759
246,2659.109021405311
247,2856.972557197062
248,2209.2477937559743
249,2459.7950131029797
250,2698.736164070892
251,2317.586995609389
252,2775.9498166464077
253,2976.1191690545556
254,2284.988068751978
255,2246.7613064346256
256,3276.4736347544526
257,3271.0978112075677
258,2971.1908139756542
259,2927.7353462794435
260,3106.3806138631476
261,2592.4825947284835
262,2769.936624403365
263,3045.1185807163993
264,2561.2337158371624
265,3166.9675327882833
266,2670.502648633429
267,4230.711089839246
268,2774.894190457168
269,3194.2560165806008
270,2920.9169630900433
271,2645.879315363284
272,2135.075241594579
273,3028.3547588601728
274,2179.7999070837823
275,2872.6903475531285
276,2831.958576077577
277,2503.314786941413
278,2438.2709630070763
279,3039.4863931778104
280,2575.9555572053164
281,2258.8440888630694
282,3010.235735997208
283,2430.9219052488497
284,2953.6917336704737
285,2953.2777475747016
286,2933.280351851956
287,3012.080426546832
288,3095.105677726636
289,3010.042381859115
290,3131.2650050006646
291,3058.307567071304
292,3285.7369146427327
293,2525.436367171435
294,3100.6291292507976
295,2760.4211413125386
296,3477.538784935612
297,3218.7943795347724
298,2733.3548540988395
299,2978.93062807115
300,3050.407099462288
301,2995.300165673045
302,2821.53345498852
303,3259.808728819365
304,2559.5348184003283
305,3337.9899049910373
306,2820.0006771313306
307,3130.903228912458
308,2538.0012371265334
309,2266.3873526917346
310,2090.679210581811
311,3832.054895832712
312,3730.931856616499
313,3410.009138045467
314,2306.893676077862
315,2729.7355001496153
316,2853.5713029962685
317,3514.0346971534796
318,3174.026088366834
319,2808.0043483238906
320,2974.852108330176
321,2692.961665664071
322,2710.7859763008187
323,2918.5972609838545
324,3224.120277777728
325,3110.847038087569
326,3179.3620569660916
327,2995.6827800454284
328,3880.9259346778467
329,3048.600869769629
330,2893.46055597153
331,2999.368257844921
332,3429.2294011916156
333,2919.8433166115274
334,2716.982168194145
335,2555.0679451604974
336,3163.7337569912006
337,2541.9648794196123
338,2756.6623886125203
339,2555.3305970740053
340,3231.0431333221673
341,3162.030683594083
342,2619.908942568278
343,3011.313190181683
344,3392.004128890448
345,2991.646701387863
346,2614.12275514689
347,3253.210274565814
348,2542.8267114211626
349,3679.273736283729
350,2837.590599670603
351,3297.078172553567
352,3356.4679389935063
353,2969.708385292761
354,3118.5542151046934
355,4361.980447503897
356,2786.8465327583517
357,3119.964033740365
358,2902.7244605439205
359,3089.784943182591
360,2617.9543598326395
361,3424.1647584473094
362,2894.2977827761106
363,3375.644066875755
364,3101.259783514925
365,2779.184765252096
366,2252.0703326848466
367,3047.2920665478778
368,2486.294141497754
369,2535.1798389528385
370,3349.868829070583
371,3047.8159340259426
372,2888.2496068599753
373,2638.9499589280003
374,2503.9199109814717
375,2739.940052212341
376,2171.1305811576685
377,3290.266209326031
378,3211.723861692821
379,2817.765480018263
380,2954.9646757261416
381,2832.1186019902825
382,2649.269881882371
383,3334.978868764152
384,2379.2358226176434
385,3703.341831619039
386,3100.0944973754445
387,2823.6906231994826
388,2658.1105343970275
389,2858.250272949462
390,3082.4090253800246
391,2679.0058825620017
392,2642.882727657634
393,3379.7790156271835
394,2710.0351410542658
395,3628.753704447215
396,2784.427058118206
397,2804.899990461154
398,2415.65922615123
399,3578.878919621303
400,2393.0762831015995
401,2993.3727581780854
402,3082.6088255776253
403,2700.080645705195
404,2970.845665160927
405,3584.819472005801
406,2884.553267638264
407,3410.356906228647
408,3260.6577652440637
409,2634.742440010844
410,3530.6949274903805
411,2934.610675607881
412,3078.9267284067223
413,3161.67788099435
414,2957.896745035436
415,2793.1432307546706
416,2912.4357027679966
417,2626.5272543330857
418,2615.7998325734093
419,2568.6160776439847
420,3069.6448153206843
421,3079.515071674452
422,2766.750454054679
423,2869.195756121974
424,3216.438137391121
425,2396.9216753604987
426,2730.7638477999094
427,2457.1514816302074
428,2420.063066604916
429,3421.2078775181785
430,3055.8085275438643
431,2686.0108502560925
432,2546.326557907189
433,2938.5908136731364
434,2624.2260879532123
435,2592.5226748682285
436,2134.9793018779774
437,2931.379278884049
438,2882.0994138343635
439,3020.918774190523
440,2523.9063279990764
441,2867.156757382357
442,2662.6427161667175
443,4236.483242194049
444,2978.5150683637935
445,3646.436798114015
446,3060.00945881047
447,2810.4759428107936
448,3211.760092678976
449,2692.5637655245614
450,2682.5641922378027
451,3571.4970731628255
452,2662.5697592361785
453,2481.4921283596786
454,2841.8070666535486
455,3014.658056353238
456,2864.3004120388755
457,2819.2055383385673
458,2858.6748489896386
459,2709.8902839823445
460,3118.7940930378686
461,2600.228738070772
462,3365.859883358454
463,2773.676530832435
464,2584.5367267018614
465,2484.2459692230436
466,2618.6377026788655
467,2985.1123155814666
468,2342.6260409389806
469,2525.5162086787664
470,2994.714945055686
471,3314.417359916993
472,3215.9343797656693
473,3821.757178489752
474,3237.2327176356202
475,2773.3533472941126
476,3514.549832870818
477,2810.454677863208
478,2716.9710394522936
479,2952.6649094694785
480,2611.7881754110904
481,3507.195474573434
482,2594.4644196953645
483,3500.2059423675546
484,3167.611144186027
485,2668.2165755684723
486,3026.9712936083556
487,3973.9682048694913
488,2696.027440789653
489,3106.549138867775
490,2817.7496212179954
491,3091.0544982092274
492,3171.3329561914466
493,2704.8433281811213
494,2637.4262448992254
495,3298.867531825744
496,2841.264665828458
497,3054.2126594938204
498,2564.133943090476
499,3183.6671034713627
500,2989.2672645355124
501,3417.5133236609354
502,2789.2376619140805
503,2707.994309152945
504,3272.880884936149
505,2710.243885358151
506,2748.6467053277133
507,2937.3739001234435
508,3043.0332553826365
509,3214.905712238074
510,2964.0063549420142
511,2846.9377385963976
512,3128.3154128136193
513,2144.9354794698033
514,2493.261808443643
515,2877.053225675699
516,2789.685500038579
517,3454.180285810312
518,3081.666918040483
519,2734.4682149446303
520,3040.145052628975
521,2880.9988200645585
522,2988.0430916248793
523,2872.7551625876317
524,2554.9841755886077
525,2294.498764498462
526,2825.491769205742
527,3407.078571124078
528,3223.6117830500884
529,2717.127472376097
530,3125.8475536593814
531,3795.450415871268
532,3204.557434215406
533,2981.804553244994
534,2657.907923156476
535,2413.9731371266976
536,2701.7522284073043
537,2693.114023653253
538,2963.180434608065
539,2929.9122061827993
540,2705.9564528356727
541,3095.713596079038
542,2905.149691241121
543,3262.6846364350376
544,2637.8622918543506
545,2664.74659157599
546,3131.0057862710905
547,2834.5682324306504
548,2969.400422605763
549,3275.795667568218
550,2765.5157364035776
551,2735.6407088324545
552,2809.2293263256056
553,2512.9893258483403
554,2844.0371910051576
555,3058.9023769882706
556,3196.0059329172113
557,2503.2849301314236
558,2859.4524609372115
559,3682.8181824717867
560,3090.012200532015
561,3231.128816618398
562,2587.315292630948
563,2445.497083743873
564,2750.4639818865867
565,2627.842214284928
566,3204.2580155493365
567,2996.2680022720397
568,2613.0971520043636
569,2381.718025875843
570,3158.2981851990357
571,2930.741534923764
572,2915.149608626287
573,2691.0008997877276
574,2163.5027775354547
575,3883.416035926605
576,2536.229242676442
577,3088.746241184892
578,2501.909276393678
579,2771.3637698982297
580,2717.8026274070135
581,2975.8002661988317
582,2512.3407778019364
583,3223.5492823050204
584,2915.5512627905528
585,3112.420214148275
586,2842.805886166368
587,3000.805862343881
588,3573.307390782282
589,2858.169722077261
590,2971.444740069322
591,2316.2871366837194
592,3321.855437731175
593,2684.1892476867324
594,2760.7960368954696
595,3178.416997882321
596,2412.6187594282565
597,2849.276515727284
598,3465.319674651258
599,2568.640597622508
600,3008.1771897868457
601,2770.138439239437
602,3228.8779986792856
603,2798.3597256933244
604,3345.1916954678713
605,3291.1726032015436
606,2683.3533662191617
607,2301.6476352322547
608,3160.5238319604996
609,2809.0914203311663
610,2320.9218647393263
611,2935.3291097036604
612,2529.554099132419
613,2885.198893179675
614,2835.2654653862587
615,3164.77119201461
616,2784.26989237359
617,2670.297105242492
618,2566.9391992791907
619,4282.643853402436
620,2565.622313168544
621,3035.6688593491585
622,3315.7558231461107
623,2777.3882724988644
624,3247.0948207821148
625,2596.402642899905
626,3091.0513846592175
627,3422.4387079747275
628,2883.543279659515
629,3131.229996157657
630,2364.7526402021613
631,3044.426384615462
632,2901.8081473239426
633,2648.360661206192
634,2783.4181517372986
635,2667.620923469373
636,3503.089330947559
637,2862.2640793116893
638,2763.6773461480143
639,3064.5241672466655
640,2888.2557539470763
641,2768.295639729675
642,2640.3904908543595
643,2535.4831010379676
644,2650.0539218672347
645,2997.3968767610486
646,2782.789772234982
647,2621.7001115523135
648,2823.620208689699
649,3268.3297259800456
650,3300.822588769372
651,2876.297632183978
652,3428.5764615338608
653,2977.735527706422
654,3228.222982348618
655,3174.304531178576
656,2535.903052859795
657,2761.4140538014362
658,2649.5613319543804
659,3139.542371236902
660,2436.0756414189545
661,3298.984600722665
662,2932.2065378603384
663,3495.3853130833404
664,2571.261096914525
665,2885.5326568837936
666,3126.733754175973
667,2757.6276280464817
668,3244.2973970249086
669,3280.943658098713
670,3030.0779216387036
671,3354.7228634418566
672,3112.2356910147078
673,2667.9013461996187
674,2652.6695791480574
675,2505.0158909908923
676,2214.2751339103315
677,2855.492899810686
678,2886.3841322353214
679,2690.839758964494
680,3190.6885242708777
681,2479.680726238531
682,2479.4694117864674
683,2696.549331625524
684,3259.8337237300852
685,3080.878923356264
686,2851.0557775655584
687,2704.421611818747
688,2910.7057845636805
689,2433.276692693584
690,2525.586316958126
691,3506.5941123591374
692,2675.192095290124
693,3387.7797684781845
694,3536.304928737977
695,2722.803837237707
696,3052.2108930669337
697,2849.6610988114894
698,2985.625882972592
699,2654.8569586888266
700,2714.4411523138806
701,3110.3586208886545
702,2643.0671227569724
703,3081.96549181872
704,3227.4618450254457
705,3037.878492695926
706,2530.156738716137
707,3026.3447081775594
708,3245.669288385919
709,2774.0750870722395
710,2938.643192625499
711,2544.6284774334354
712,2815.9630970098533
713,3267.5875554461077
714,2707.3601408601817
715,3341.4899646575595
716,3448.562075806482
717,2731.878089486086
718,3271.3459445922554
719,3185.965157633383
720,2803.517771385711
721,2251.588095173622
722,2992.2249734995353
723,2680.6324747596427
724,2597.498689686805
725,2790.9954519002717
726,2394.9415819602136
727,2964.6128985350006
728,3153.042143046146
729,2571.797368620647
730,3653.3408553055942
731,2649.7991010275787
732,2486.108934903602
733,2985.5327678454237
734,3120.969729541477
735,2859.7334235940925
736,2908.0168082905857
737,3225.199356741721
738,3275.865277778954
739,2332.000287708699
740,2525.768081983622
741,3211.7615333754034
742,2682.2922243505745
743,2425.7171010889697
744,2671.76050997534
745,2860.8306581841925
746,3294.259396915469
747,3507.282848329647
748,3357.3280093944113
749,3041.932576550366
750,2871.5183167366
751,3762.59636799097
752,2578.565575886363
753,3125.9326593736328
754,2636.4577435292395
755,2470.6265661866723
756,2867.6023529142753
757,3034.3563485297495
758,3133.779388103927
759,3574.5877953520444
760,2886.484802904505
761,3055.1655223349762
762,2640.0027134748825
763,2519.311237943408
764,2431.3082914944284
765,2945.485242485017
766,2713.91298183593
767,2909.118554603597
768,2945.9069476900977
769,2887.4999271462957
770,2893.493003556276
771,2848.713473025381
772,2447.9520006905223
773,2680.9532001447674
774,3192.1425070232576
775,2729.185648647388
776,2849.8916910515622
777,2815.1796223303836
778,2836.4375461519294
779,2390.5654912430086
780,3485.2361835775423
781,3650.3995694379796
782,2647.492587978427
783,2262.334979708096
784,2966.7940779770856
785,3238.227064673146
786,2803.4627845913137
787,2552.502580677048
788,2768.8190489702474
789,3244.221390763951
790,3107.3603624748757
791,2692.6859630583735
792,2265.7175910524
793,3315.2879414791837
794,3213.0566928477297
795,4100.000534338164
796,2721.448874935611
797,2905.1944177304626
798,2879.147780481954
799,2501.2812655229704
800,3051.6380461398007
801,3118.2981568387454
802,2666.0189507443947
803,3073.6652112250354
804,2777.380649205725
805,2731.463880818462
806,3335.0418642532127
807,3045.8997088361375
808,2765.815449694129
809,2603.1757937866364
810,2589.334040059613
811,2558.2352194454893
812,3503.804204833502
813,2485.2202495206625
814,2855.4512419031093
815,2665.8652002459944
816,3077.338050235716
817,2863.828056359836
818,2598.5764531304244
819,2780.641347144568
820,2768.946816371538
821,2605.5302010338996
822,2503.895313650174
823,2673.6444862811913
824,2571.5901320532994
825,3306.4838761675633
826,2903.779668583003
827,2922.2984013473315
828,2974.5487315702467
829,2768.365222617452
830,2973.4582731893815
831,2547.9049841810192
832,2990.719373746373
833,2390.4959148528296
834,3018.521190000572
835,3039.463593058295
836,2702.8207137409477
837,2996.677340355146
838,2761.557277146239
839,3422.2441857397575
840,2414.119351814019
841,3650.56528237515
842,2447.4852868878957
843,3056.0488104625347
844,2686.2379751644658
845,3597.9284359350486
846,3009.8283314896007
847,2840.1102217719294
848,2801.625441119058
849,2750.380577784819
850,2934.857091902242
851,2998.4722000239876
852,3050.360740288294
853,2735.5811521902374
854,2869.241893493125
855,2861.579590164362
856,2559.136390732693
857,2820.7144407592277
858,2541.5323669538857
859,2980.640555562213
860,2531.730100981813
861,2329.062405475537
862,3088.0421138728634
863,3196.3971024671396
864,3217.895849446905
865,2049.1421263509537
866,2631.9089829117484
867,2966.382585003539
868,2603.5568510805647
869,3861.935476775645
870,3003.6119298888234
871,3232.1518162604953
872,2487.507954924386
873,3176.678762856981
874,3230.913627869582
875,3366.128327493643
876,2011.4029267468832
877,2636.5521859641067
878,2673.867619802326
879,3122.8805321912114
880,3266.169975284028
881,2851.654511536403
882,2570.0100159964372
883,3855.106868489503
884,3064.1395087693677
885,3280.655140907047
886,3140.3716968003846
887,3313.2156718563074
888,2676.2221440773715
889,2897.237522826731
890,2445.2925399317846
891,3571.7950271312598
892,2641.5118354387514
893,3000.7835182799968
894,2868.2867277818928
895,2620.1170254338967
896,3192.9489899819464
897,2935.8213533312096
898,2677.535530447099
899,2634.760998714923
900,3077.0571046281907
901,2779.1509882768014
902,2798.1229932541014
903,2866.2285615959872
904,2709.653808274673
905,2757.7360664877638
906,2581.081176693595
907,2584.9690786159795
908,2979.2708396273524
909,2300.534192459422
910,3143.4126038561308
911,2673.056452391413
912,2540.2880586505426
913,3382.2747383701585
914,2952.1115665316124
915,3159.8884056843076
916,3755.6964026759774
917,2988.063083753453
918,3148.8774771436483
919,3004.378188218522
920,2388.526382166215
921,3081.222028413968
922,2955.5821343712614
923,3500.2358238834336
924,2763.225212341554
925,2547.902134666152
926,2644.78921767959
927,4106.8512990194085
928,2798.6556742719076
929,2810.34416986896
930,3012.3726326832575
931,2510.0097104363017
932,3045.200788125568
933,3128.3758666730023
934,2943.772111385684
935,3075.801552342332
936,3079.189632422302
937,2792.9261823116317
938,2876.334995864509
939,2570.6339488806693
940,2781.32211199034
941,2591.3960075684267
942,3069.440493493472
943,2932.4091685760077
944,2611.7359212725532
945,2726.989986725241
946,3180.0082137695326
947,2829.9623233935718
948,2743.3419481419523
949,2395.6156569839422
950,3397.436075084008
951,2868.9874281337925
952,3278.7724210185183
953,2824.704653320583
954,2479.6761151658056
955,2862.169850010451
956,3124.617269913578
957,3533.7906051691107
958,3076.575691714816
959,2736.6841700737077
960,2623.5127682900784
961,2848.3762710641763
962,2990.479617961856
963,2482.2733595824584
964,2934.3594071213984
965,3040.429190288893
966,3156.7363493779935
967,3115.7296925705446
968,3218.2043784740185
969,2693.0019000498687
970,3457.6102948789517
971,4360.549808690998
972,3156.548054913444
973,3154.443420952409
974,2537.1277572364393
975,3405.950324377799
976,2899.234227155181
977,2807.6193150111067
978,2785.7368447487825
979,3320.831232280484
980,3432.9883906936925
981,2673.7484641683027
982,3095.8801825727064
983,2988.9760995139955
984,2611.4593769258504
985,2537.489613300889
986,3061.1022736413365
987,3381.2575798936773
988,2706.739545860019
989,2945.0996033059696
990,2341.385331185464
991,2811.0227303030433
992,3198.98247410274
993,3207.7864480583103
994,3587.4932436563317
995,2081.2728824801698
996,2685.714341152874
997,2430.7773420355907
998,2571.945551851888
999,2484.1380716805397
1000,2629.6250748230545
1001,3675.5591950321527
1002,2778.4431087050784
1003,3217.2899358262557
1004,2802.3133334415493
1005,2477.0976909831215
1006,2665.1139412480725
1007,2376.6510316327967
1008,2727.325847029285
1009,3295.7808967188716
1010,2275.9741829248956
1011,2837.3249704547507
1012,3203.236419762299
1013,3156.9283874986786
1014,2693.4833845546145
1015,4182.481460012988
1016,2829.6446127899076
1017,2765.423568292692
1018,3097.5335139592808
1019,2677.3836858757836
1020,3134.92494199071
1021,3210.14592717185
1022,3275.887115635227
1023,3317.3784070376605
1024,2962.8766260950865
1025,2719.282924456328
1026,2839.7279593706658
1027,2222.070734713909
1028,2703.7185992271347
1029,2879.0789911566985
1030,2850.1637432962057
1031,2504.3306293937667
1032,3669.482206179958
1033,2309.6445699177143
1034,3009.9200018090337
1035,2675.455999252013
1036,2886.6621364570506
1037,3043.736743233864
1038,2126.5319956202916
1039,2721.368757608678
1040,2963.0862690149092
1041,2464.8669547214613
1042,2775.196592892784
1043,3046.3486108234874
1044,3075.374955217468
1045,3861.0068710087266
1046,3030.999183532472
1047,2549.593032215834
1048,2997.1301571962713
1049,2525.7144166611997
1050,2962.837916869114
1051,3089.444281840061
1052,2319.104781038482
1053,3166.1688737739423
1054,2443.7748528556435
1055,3285.1131963509833
1056,3128.539982671483
1057,2763.0683909521367
1058,2796.2237489939853
1059,3891.6358814719747
1060,2629.9944627481204
1061,3324.770431502533
1062,2995.367818460549
1063,2963.0598383298543
1064,2497.7197532500068
1065,2681.231807786757
1066,3578.288789949861
1067,3251.5342222080817
1068,2913.41544101879
1069,2725.333116991484
1070,2198.3901434707454
1071,3159.7065186969326
1072,2861.4965214446097
1073,2803.1411192632286
1074,2737.0493365454195
1075,2927.9650278750964
1076,3195.861601175825
1077,3347.071992937393
1078,3029.7910268949436
1079,2702.8779843102548
1080,2919.4508218941837
1081,2706.801383810622
1082,2872.5564339470116
1083,2698.053855221289
1084,2993.4936601694903
1085,3092.0154032441746
1086,2967.544345495324
1087,2914.145196967961
1088,2642.2768060582634
1089,3382.886267661856
1090,2713.813237642208
1091,2475.464732560212
1092,3178.2154572022423
1093,2934.2161221114425
1094,2528.9609118879034
1095,2808.1365892107115
1096,2927.37077716051
1097,3669.1392759103446
1098,2650.870063527233
1099,3628.386263304839
1100,2457.507282621608
1101,2579.7682215751693
1102,3617.0873988657204
1103,4084.475472623149
1104,3195.048096260014
1105,2917.6406736095623
1106,3301.9595211005153
1107,2017.0686050617335
1108,2896.007741008131
1109,3203.797098210588
1110,2592.1688699085557
1111,2680.3712110698434
1112,2889.44980593197
1113,2983.8228454698574
1114,2819.641128310914
1115,2843.9243023681797
1116,3196.0683607325313
1117,2660.4159071269705
1118,2927.9628838851872
1119,2543.092435337333
1120,2802.5281613607235
1121,3034.74758784505
1122,2443.598704469568
1123,2874.8846130438183
1124,3022.3848705851287
1125,2754.780230308054
1126,3257.5675067125076
1127,3284.4984371818537
1128,2242.215243115399
1129,3097.53949530447
1130,2917.3104497509235
1131,2832.308786378178
1132,2859.6297266853576
1133,2986.0250481336425
1134,2902.821412817049
1135,2771.867040420706
1136,3259.6338174932976
1137,3508.9222130536027
1138,2658.694468510096
1139,2751.0973419377447
1140,3191.9544021765623
1141,2977.0114081086276
1142,3497.8536193764694
1143,2950.038483451088
1144,2883.1339994320774
1145,3376.847297164736
1146,2800.515112929525
1147,3811.5307351896627
1148,3288.086170918849
1149,3474.2242568699317
1150,2406.8230188359594
1151,2730.4414025536435
1152,2917.183395539853
1153,2669.7855930617334
1154,3109.1914141790435
1155,2728.068194509219
1156,2893.04929763228
1157,2802.8239528845174
1158,2610.0171665849525
1159,2824.3105953790982
1160,2944.579705593472
1161,2511.954512194614
1162,2607.653567384987
1163,3035.8875374555123
1164,3531.972581818124
1165,2989.066983210268
1166,2422.578079283467
1167,2335.695413273102
1168,3103.6038802263934
1169,2752.8299500531934
1170,2921.678889788843
1171,2908.328445633808
1172,2755.380017989439
1173,2315.748198895316
1174,3056.223849609912
1175,2478.6804664797082
1176,2545.418185798512
1177,3032.1656427724442
1178,2444.9594726517994
1179,2662.252630896481
1180,2704.133506209496
1181,2727.3355999997643
1182,2864.5715489136796
1183,2911.6901166897837
1184,2737.3499860997927
1185,3219.6196403880213
1186,2665.28095770278
1187,3048.1013434377346
1188,2184.1793006322405
1189,2722.740893601204
1190,3271.833197037122
1191,4004.873658319571
1192,2923.905472988691
1193,2915.1805226579745
1194,2786.8376742953983
1195,2417.349907218447
1196,2818.6196454371798
1197,3283.6625963213796
1198,2851.2374457407286
1199,3548.5390416502228
1200,3300.9429994648626
1201,2597.172934794214
1202,3033.697578976484
1203,2598.524285213953
1204,2443.594660366684
1205,2970.2861547687658
1206,3143.4096160629547
1207,2852.66787147086
1208,2937.9277053654973
1209,2676.6411706245126
1210,2840.2080146946605
1211,2969.9878016274783
1212,2737.359432809926
1213,2995.389504209584
1214,3102.023659825976
1215,2492.2016345515317
1216,3275.2287235430035
1217,2558.141288335616
1218,2766.9748316107175
1219,2962.457525225645
1220,2804.879297260006
1221,3315.7201358549337
1222,3136.422726545571
1223,3430.224527687846
1224,3319.462098404847
1225,2894.500144439314
1226,2983.4350992330787
1227,3067.2966477029595
1228,2295.018779457432
1229,2980.8134606667586
1230,2608.7411374383432
1231,3462.4776515089707
1232,3187.880403033927
1233,3323.2866843198362
1234,2290.889983057848
1235,3564.8473897914396
1236,3032.577994171626
1237,2907.8305242130505
1238,2522.8687441847733
1239,2458.8009971135707
1240,2468.9325392239266
1241,3295.3358882011244
1242,2925.9480683938436
1243,3226.536347968694
1244,2798.208855298682
1245,2920.2577254827875
1246,3255.544606472409
1247,2631.5195523485545
1248,2757.286675258004
1249,2881.800947830465
1250,2622.0347701455626
1251,3072.8211038977274
1252,2604.914343250067
1253,3244.8345822699844
1254,2517.0895196798824
1255,3288.2239145391177
1256,2323.1938826364585
1257,2694.830524081705
1258,2711.523145846393
1259,2912.550356414622
1260,2916.4472448906436
1261,2863.9980197773825
1262,2845.6399909602446
1263,2857.8167536310675
1264,2991.003685047438
1265,2886.9357853580727
1266,2799.0296741120374
1267,3050.993603474973
1268,3030.5503856573428
1269,2774.376695639299
1270,2801.6260687562676
1271,3521.7004709999997
1272,2743.0629327543616
1273,3011.670311816714
1274,3137.1286058487526
1275,3175.475360540185
1276,2572.8909651362637
1277,2728.974161741453
1278,2789.9352132739614
1279,4375.221674105922
1280,2608.346819982924
1281,2931.0698975198934
1282,3733.890975003519
1283,3016.0063500322603
1284,2775.9600749741617
1285,3036.6603559025225
1286,2475.7986835698407
1287,3656.3629182635773
1288,3027.6973801404897
1289,2914.1545544894484
1290,2662.2130059064198
1291,2948.8907233333766
1292,2799.816504332826
1293,2782.315550796483
1294,2748.541890212701
1295,2673.3082690241586
1296,2961.760374435348
1297,2820.9824307818103
1298,3182.9151225265014
1299,3159.2813477206573
1300,2724.4561852642264
1301,2978.6571921200243
1302,2765.396810972776
1303,2970.0742121066537
1304,3131.5907196333337
1305,2507.6592052623805
1306,3312.874251936102
1307,2679.391705952617
1308,3306.320051909738
1309,3038.0719677601105
1310,2951.1989924446525
1311,2112.0991935525767
1312,3134.69101082224
1313,2830.632638952435
1314,3139.467635827092
1315,3166.823395549296
1316,2422.890408472505
1317,2872.8799616364736
1318,2829.9426427157146
1319,3019.262250290259
1320,2482.5466652428727
1321,2806.37836681659
1322,3155.825647118908
1323,4052.9234933568605
1324,2596.810164392281
1325,2867.245323087525
1326,3203.033976926838
1327,2884.0858911408777
1328,3138.8387818597307
1329,2997.788008541796
1330,2906.1277338362215
1331,2895.137976955993
1332,3011.048656974242
1333,2915.7849398916655
1334,2512.638685473906
1335,2965.79447832334
1336,2697.4964715443716
1337,2773.844212809009
1338,2312.3933512459616
1339,3162.8730512075795
1340,2824.4658143783327
1341,2552.9875138073617
1342,2830.4383354775005
1343,2636.6922580210353
1344,2454.9751722970846
1345,2649.0554053614483
1346,2846.4342768760107
1347,2984.3869731497603
1348,2848.4236858684267
1349,2633.342674055901
1350,2865.014413301013
1351,2372.691800291643
1352,2723.4282748128526
1353,3536.3793718539455
1354,3384.2640514667946
1355,2697.615456591422
1356,3218.469259264729
1357,3132.965016751159
1358,2630.6449632476115
1359,2913.8547752796817
1360,2466.4595511624857
1361,2546.466092866592
1362,2414.665996659091
1363,3320.5558569736745
1364,3105.198075407242
1365,2890.2492105980377
1366,3061.8132247862254
1367,3992.6912001485866
1368,2204.8929312781606
1369,3127.9146094135276
1370,2893.38644108092
1371,3545.0505680957763
1372,2791.6820753329816
1373,2797.3925232499064
1374,2756.8180172819393
1375,3108.929049825718
1376,2396.6143954845197
1377,2642.122246612866
1378,2526.5778532728386
1379,2741.5118481277477
1380,2939.198090023373
1381,2336.3717738289006
1382,3034.2810340032183
1383,3335.6074984140846
1384,3027.0453794591613
1385,2560.7303214401927
1386,2845.3968869200835
1387,2999.9719799686222
1388,3036.4127929565257
1389,2713.6365795008583
1390,3119.1879145433218
1391,2420.803733157149
1392,2884.371026267892
1393,2933.6756086374703
1394,2098.7715054262476
1395,2830.7687582789163
1396,2871.243985496378
1397,3163.3071640835387
1398,2811.6296766314586
1399,2720.1549998944556
1400,3162.0742390969876
1401,3001.766349367099
1402,3185.991637452104
1403,2881.226231960882
1404,3192.317684635404
1405,2903.8438268122695
1406,2139.997596514412
1407,3233.4422433195346
1408,2819.7316648546716
1409,3098.0584899258306
1410,2978.087150191921
1411,3651.6164702288806
1412,3017.1119084738225
1413,2834.084921008464
1414,2824.318868889041
1415,2485.3308334362155
1416,2809.4524402169823
1417,3239.1099793101052
1418,2660.655080921023
1419,3756.954874680694
1420,3338.287810318591
1421,2483.9496604464916
1422,2413.565553307028
1423,3073.4844141668295
1424,2577.876728173908
1425,2882.5046560352353
1426,2446.1448333380204
1427,2811.915047892685
1428,3070.557808564717
1429,2778.4921948489546
1430,2779.6977592371436
1431,2843.226949837104
1432,3234.8110121970317
1433,2579.746365113463
1434,2868.394913491674
1435,2158.511796922944
1436,3178.385924163649
1437,3353.685234599785
1438,2827.420339975813
1439,2716.1764512480017
1440,3261.640749832344
1441,3152.9214725231895
1442,2822.2137531117605
1443,2935.632474455913
1444,3522.18353502099
1445,2786.1308113234563
1446,2644.9865161584275
1447,3138.7018203281245
1448,2852.6782487835617
1449,3024.0674480372627
1450,2678.09072208449
1451,2897.2709840749926
1452,2532.681634735909
1453,2781.2712851170927
1454,2497.7858142999344
1455,4019.87579275946
1456,3240.3149568750086
1457,3066.8197272915645
1458,2754.29051993374
1459,2410.696828683916
1460,2428.8939725606638
1461,3247.1020712645573
1462,2931.8518970875957
1463,2945.913356329728
1464,2958.7291100211246
1465,2228.26900345073
1466,2764.383970999083
1467,3435.1063660682034
1468,2367.3613101286264
1469,3130.62865133033
1470,3075.208863021232
1471,2314.818761636707
1472,2950.163965311201
1473,2559.888816143415
1474,2100.5556591830587
1475,3200.389017630284
1476,3211.309439710809
1477,2760.664230496989
1478,3047.552849720323
1479,2893.2516992586015
1480,3073.968024893583
1481,2520.3777360743
1482,2863.5349539188155
1483,2859.9433090325338
1484,2380.174761434021
1485,3839.6881666234563
1486,3192.5847370002266
1487,3343.481128801631
1488,3278.2452155825576
1489,2615.1225114323433
1490,3324.7136315166413
1491,2829.4934955601866
1492,2133.666336510668
1493,3771.301096988339
1494,2678.6765171586344
1495,2528.263619649072
1496,3256.7088198679357
1497,2930.9679363274254
1498,2607.248046104103
1499,3797.3808560875987
1500,3024.2887851621954
1501,2950.692014618392
1502,3138.3751092830894
1503,2611.475513716925
1504,3585.0251529761076
1505,2498.317147302883
1506,2344.713352173355
1507,2713.162834543623
1508,3404.270630182364
1509,2693.6993163912102
1510,3052.2166087036103
1511,2988.4635918000677
1512,2480.42197773173
1513,2689.2461952724957
1514,3111.5997992358525
1515,3266.9416017251774
1516,3219.1072237338985
1517,3169.4921829338077
1518,2654.217991793902
1519,2859.3722083415455
1520,2664.3741187255264
1521,2608.32851800582
1522,2937.2541170245577
1523,3009.3237032407737
1524,2592.243693428808
1525,2960.643401782155
1526,2718.2999289404474
1527,2732.3230096994243
1528,2834.3357788194703
1529,3429.4688688251417
1530,2685.48128556672
1531,2851.7793245221746
1532,3398.1769210022253
1533,2785.689040558622
1534,2764.4425520910063
1535,2361.0195524793603
1536,2790.494487963159
1537,2916.394625118179
1538,2813.6025045321976
1539,3244.096790468087
1540,3216.512459592411
1541,2606.6236224415516
1542,2570.9558607786876
1543,3998.5848533319554
1544,2573.2760829392737
1545,2904.25942094863
1546,2741.240196588059
1547,3124.721380380973
1548,2956.2352295168057
1549,2628.0738081428235
1550,3471.842735275341
1551,3682.0665129322006
1552,3251.4177571080386
1553,2690.7555113771145
1554,3455.9460779408537
1555,3257.9155014135804
1556,2537.5249655796747
1557,2836.1538733187454
1558,3221.111252035195
1559,2951.9859503938983
1560,3178.8417036385968
1561,2804.583967271088
1562,2723.9371143252
1563,2969.636471587375
1564,2619.1994442957566
1565,2837.7033741662044
1566,2996.5519425024636
1567,2153.098219667309
1568,2976.6292417057657
1569,2553.831894400682
1570,2589.816414252239
1571,2987.7262316880556
1572,2948.053192190096
1573,3739.4639153379976
1574,3112.5292647525666
1575,2701.590176097859
1576,3260.4673840603427
1577,3358.7657859946285
1578,3208.3639795084323
1579,2764.1150551217975
1580,2485.129286296664
1581,3269.1872441244695
1582,2520.9212654964954
1583,3082.077731787755
1584,2621.375731928477
1585,2647.2685000326696
1586,3059.638679510827
1587,3935.6351064235378
1588,2899.8634274510405
1589,2952.0824855093374
1590,3270.397061929207
1591,3087.541793706305
1592,2930.2940841590043
1593,3319.002085974438
1594,3291.57953496566
1595,2793.1402852880756
1596,2596.3272890148273
1597,3312.436633742618
1598,3295.2871446009563
1599,3087.0406780305716
1600,2619.478080281207
1601,3033.9096956072285
1602,2613.8743950157595
1603,3067.678284275433
1604,2704.2039196444553
1605,3065.405842382929
1606,3013.0450506652132
1607,3153.255147139283
1608,2492.7512220408303
1609,2592.0683315994893
1610,3146.2684547037247
1611,2921.3321316959414
1612,2682.378491405063
1613,3389.8508639004194
1614,3045.1428961891406
1615,2883.576022540494
1616,2750.995687498833
1617,3373.55029675389
1618,3143.8081199107496
1619,2348.2833383767056
1620,3387.7047064592302
1621,2703.172353947909
1622,2754.0706825490433
1623,3086.618883709728
1624,3250.7739230438438
1625,2753.6981230576307
1626,3041.545356209701
1627,3434.6391764897417
1628,2474.540340125118
1629,2568.880395054374
1630,3022.2468721446876
1631,3380.145841862617
1632,2561.035744363872
1633,3510.8705509315546
1634,2523.1862460619027
1635,2516.997485649802
1636,3037.249637293606
1637,2770.219430887586
1638,2902.194326096912
1639,3617.219415263141
1640,2983.5607109840394
1641,2662.1690552515106
1642,3257.5264183732656
1643,3142.7333059493562
1644,2875.447700775884
1645,2648.810221307738
1646,3262.2740682502167
1647,3160.8137747591554
1648,2864.243448076267
1649,2447.7253221087594
1650,2157.182323859196
1651,2895.5394297710845
1652,2256.5876167166334
1653,2449.7761316821743
1654,3040.86438221617
1655,2520.7380122134864
1656,3248.0971008300344
1657,2490.598509751709
1658,3162.2261475903083
1659,2307.6885338860384
1660,2667.027142791438
1661,3159.00835418821
1662,2779.3093357265616
1663,3059.674387202176
1664,2999.4257930687
1665,2551.2630455018007
1666,2785.9412255372054
1667,3094.185322083821
1668,3030.710264449867
1669,2774.40626241967
1670,3014.756033328632
1671,3287.6275484821017
1672,2496.4148031762957
1673,2976.79443695914
1674,3025.870792670997
1675,3536.0678866223284
1676,2344.1650641683227
1677,3152.4373359220835
1678,2943.8417434077687
1679,3107.0496794508645
1680,3083.0287486266516
1681,2848.583719419883
1682,2951.935379451445
1683,2867.5560653569464
1684,2916.6614475943306
1685,2880.912218698426
1686,2490.5204762683616
1687,3010.82617388749
1688,3050.9850370308886
1689,2587.3124423051318
1690,2545.3973271187638
1691,2668.9541006670916
1692,3047.0405210805366
1693,3159.360169712158
1694,2904.8045387966504
1695,2845.0628593427537
1696,2898.761027390721
1697,3000.8621126300345
1698,2978.131355015667
1699,2426.2094263971912
1700,3050.194295322033
1701,2629.5767482496476
1702,2337.418138410369
1703,2881.63201966474
1704,2767.3406206912655
1705,3169.9567794711397
1706,3005.6318964399507
1707,2584.8400462725426
1708,2452.6494452040606
1709,2728.9370361004617
1710,2297.808321100992
1711,2992.0816719953436
1712,2745.2826500336387
1713,3143.4887752534437
1714,2703.8720284364886
1715,3918.0038469363712
1716,3091.8209635124194
1717,3135.0794176584163
1718,3051.6418219399507
1719,4282.025800277599
1720,2773.3184340208554
1721,3239.9842034360063
1722,2628.5719448879345
1723,2656.590635684139
1724,3312.290758160527
1725,3311.635677810228
1726,2208.9971103152043
1727,3112.246521422415
1728,2478.554175139762
1729,2671.254451614366
1730,2650.7897194470183
1731,2772.7497829946506
1732,2795.4260468411644
1733,2979.714944838682
1734,2969.42277786646
1735,2573.5349053448945
1736,2767.8429403129785
1737,2669.0685660750587
1738,2838.121085895741
1739,2581.7972588732723
1740,2815.529569642967
1741,2366.0792855183468
1742,3093.6964516833345
1743,2912.633329636471
1744,3036.574839983382
1745,2371.274606417767
1746,2947.216252947864
1747,2603.7826609667
1748,2990.163702846247
1749,3512.9811415636973
1750,3102.7053475935877
1751,2593.292792023074
1752,2752.178161522356
1753,2617.807830576088
1754,2566.544228523934
1755,2669.6753450130686
1756,2909.7855892805906
1757,2615.5698454084168
1758,2948.8687493519983
1759,3418.2481367933506
1760,3070.9062220471183
1761,2834.4506379316413
1762,2522.615751919206
1763,3717.357117960778
1764,2803.6756917146836
1765,2965.720431369484
1766,2546.9730038803013
1767,2453.927400716135
1768,2577.5105183084656
1769,2689.4094267758123
1770,2882.483365630801
1771,3143.8871817743557
1772,2825.4250502525697
1773,3110.759661009754
1774,2551.893195232121
1775,2471.0289312424165
1776,3049.431332550835
1777,2821.9742033473076
1778,3185.1040731225357
1779,3037.4004699717834
1780,2775.0202054652345
1781,2772.878832030256
1782,2890.630764910579
1783,2726.064069924102
1784,3218.3739772254235
1785,3049.568987403374
1786,2605.3527429279684
1787,2902.712851952193
1788,2758.0588836192833
1789,3032.5955363115113
1790,2894.6274768974426
1791,2877.0895134606353
1792,2661.984325698405
1793,3524.9521975886673
1794,2450.8243746038984
1795,2926.58307445013
1796,2882.047369396904
1797,3011.713812607849
1798,3257.435233616983
1799,3216.6484926701414
1800,2686.3001040794584
1801,3153.698176096504
1802,2731.5539533667934
1803,3614.3749513787097
1804,2964.3658371894826
1805,3008.069856821482
1806,3363.500556501919
1807,4333.43772923336
1808,2208.8540430495777
1809,3276.6827365670492
1810,3223.067753085644
1811,2578.116839258505
1812,2587.121983260017
1813,3339.908709821424
1814,2969.1406472230524
1815,2796.0375258119016
1816,2345.7532569038576
1817,2368.3504500103813
1818,2757.4680176266065
1819,2689.8597229271845
1820,2655.4216935870604
1821,2798.9325369527683
1822,3631.280648830783
1823,3295.8522083759453
1824,3202.867899748656
1825,3022.037219712513
1826,3138.1578393786376
1827,2775.662710265967
1828,2599.2872689904725
1829,2796.8466788214846
1830,3251.9916773279783
1831,2971.318185888701
1832,2827.0866389979647
1833,2659.07457755289
1834,3070.569906077008
1835,2889.3147183394917
1836,2782.755222511611
1837,3449.188989335864
1838,3242.369512406056
1839,2859.3177850079287
1840,2966.795314644942
1841,2966.5623103480293
1842,3051.113007021338
1843,2424.9434853005273
1844,2814.956443315619
1845,3769.566350765789
1846,2985.604361792424
1847,2929.504518058542
1848,2723.7873189072757
1849,2583.557523090093
1850,2816.488829941881
1851,3923.879578011905
1852,2824.4999900363096
1853,3031.6575503744475
1854,2383.072580362981
1855,2805.569208756285
1856,2735.76890190801
1857,2815.667491395974
1858,2867.453774313434
1859,3165.2949736935248
1860,2465.7809739119944
1861,3192.1175704735983
1862,2328.9582792916667
1863,3418.5685852458923
1864,2705.519846616683
1865,2928.385850305701
1866,3179.553238697584
1867,2679.5597834311925
1868,2996.842035377707
1869,2699.215416004125
1870,2667.6328935103897
1871,3032.328587698163
1872,2957.3263529382116
1873,2835.208383341338
1874,2610.832710718568
1875,2450.742274444275
1876,2707.5798254532533
1877,2674.468742470505
1878,2528.621364942312
1879,2492.226000456356
1880,3318.2063703833483
1881,3359.82719573323
1882,2801.8069824395707
1883,2862.868005151908
1884,3300.5384683599314
1885,3455.3179921687542
1886,2844.585719902317
1887,2444.7298630350815
1888,2624.6695802471745
1889,3379.8891139533043
1890,2545.411031891338
1891,3222.5360258910328
1892,3525.085177960676
1893,3395.217769547776
1894,2909.3587776341333
1895,3790.117626771855
1896,3026.6139729412007
1897,2799.1061225053913
1898,2701.868271306717
1899,2898.4491539372293
1900,3031.640575905927
1901,3305.254769858376
1902,2642.553084235819
1903,3116.601776933274
1904,2957.998670939487
1905,2932.4743685791595
1906,2388.994578674046
1907,3377.017310177928
1908,2984.5707616006835
1909,2660.062425636596
1910,3010.148476294144
1911,2473.606024445002
1912,4101.1885940016355
1913,3137.1217803945415
1914,2599.7804750105092
1915,2524.113261654281
1916,3043.4614394924906
1917,3178.106579153587
1918,3100.6697152678357
1919,2328.3717476213255
1920,2872.392179847739
1921,2993.163186972146
1922,3225.8637653051187
1923,2651.2007843585525
1924,2544.565169201806
1925,3445.079272320246
1926,2845.176033426498
1927,1939.377062133105
1928,3342.798423906113
1929,3111.4147325270637
1930,2637.102154983135
1931,2689.214059822747
1932,2313.0467382307725
1933,2786.468385685284
1934,2692.4428038261276
1935,2556.6762060043243
1936,2670.935590635641
1937,3172.478825887833
1938,3020.2478479044726
1939,3966.201628397677
1940,3279.6823084377997
1941,3180.654626983177
1942,3458.306529284655
1943,2863.2804819908038
1944,2704.046490750028
1945,3213.824900510884
1946,2875.427962918354
1947,2343.3669493870766
1948,2618.311614220424
1949,2750.993736626413
1950,2616.4569557476375
1951,2807.4106272442864
1952,2706.993684134825
1953,2968.6570373155173
1954,2838.8598049259713
1955,2618.197997452589
1956,3087.5866388144586
1957,3201.006862022681
1958,2186.546425283431
1959,2734.9111942974987
1960,3419.0961775763035
1961,2981.3291897265176
1962,2516.6340367794196
1963,2802.4911315963564
1964,3202.753153517612
1965,2830.6469981391388
1966,2224.03308113171
1967,2998.3937041398885
1968,3142.455080511481
1969,3301.2993604508233
1970,3221.083311416486
1971,2856.340812447506
1972,3279.821500703069
1973,3226.2606709936813
1974,3070.140039876899
1975,3015.787663121252
1976,3232.815810356827
1977,2801.8955601663883
1978,2650.2490992047074
1979,3352.5621982147327
1980,2900.0401737907464
1981,2800.4314646888074
1982,2895.115587587001
1983,4149.405651499292
1984,2755.798769643173
1985,3294.86823150875
1986,3265.2119790925394
1987,2952.0602328949735
1988,2481.624158739318
1989,2996.1053369545893
1990,3185.79263423077
1991,3031.6519647655605
1992,3124.150576037205
1993,2383.057232333624
1994,2538.7178439847794
1995,2839.6287275548866
1996,3462.4017982564073
1997,3066.66071829006
1998,2993.746926276075
1999,2823.1924267826544
2000,3059.1520599060855
2001,2612.1827370051524
2002,2767.4476182313556
2003,2795.281328017422
2004,2946.2303563819714
2005,2897.662339393404
2006,2901.7051801933076
2007,2909.429927688265
2008,3386.7529542949815
2009,2892.9611420210977
2010,2749.4981431369642
2011,2349.4768986399686
2012,2487.121185474366
2013,3545.447588533017
2014,2885.620468408894
2015,2739.9256422836925
2016,3078.855174337644
2017,3139.8235797051566
2018,2783.1436492678963
2019,2698.4622296769153
2020,3061.9891765107873
2021,3419.77753243309
2022,2305.7156466043834
2023,2906.0307041101137
2024,2963.0637887131747
2025,3010.2701621540496
2026,2908.0547361367917
2027,3796.88632365418
2028,2658.1670504293143
2029,3242.9410217484774
2030,3003.827527286908
2031,3091.6474146645533
2032,2662.5137310205923
2033,3089.4611529430217
2034,2614.8306011821164
2035,2998.6666505841517
2036,2861.1249527178697
2037,3308.8884283628418
2038,2770.2354297024485
2039,2621.767347847861
2040,2885.472435415498
2041,2355.9704593096067
2042,3026.3539505081153
2043,2867.0398176271083
2044,2526.4140132611933
2045,3312.790415373607
2046,3197.297084208752
2047,3086.0805103089933
2048,2565.051194618815
2049,2585.2364280304946
2050,2744.330144296265
2051,3245.481615430293
2052,2497.6547263607454
2053,2546.451789932701
2054,2623.1073371305815
2055,2932.3783968851817
2056,2686.3859929659366
2057,2920.70059239504
2058,2861.964470402327
2059,3107.8884311065017
2060,3095.702788960241
2061,2805.8467662981484
2062,2884.2474412946613
2063,2978.9986252552458
2064,2643.1760137603815
2065,3746.927376558457
2066,2659.7991550576367
2067,2952.4484037209254
2068,2632.9887628519828
2069,3019.0298033729473
2070,3087.383165856428
2071,4091.500378460964
2072,3009.0014517629597
2073,3423.5968290155474
2074,2922.1846552045117
2075,2892.349392334654
2076,2850.871059120006
2077,3374.666459845544
2078,2528.3170613432367
2079,2514.101039869574
2080,2613.1310463843647
2081,3034.100055887602
2082,2497.956478286083
2083,2834.6727031701766
2084,2824.642173932551
2085,3294.617786731184
2086,3279.1014699087527
2087,2622.1258516756666
2088,3229.923801386572
2089,2698.5882148692713
2090,2973.4111449181437
2091,2392.9619528850235
2092,2798.8508632821686
2093,2610.4156830824168
2094,3490.9777018060313
2095,3045.4749310891593
2096,2811.10121804616
2097,2711.2524204594242
2098,2948.139577661706
2099,2420.049094443124
2100,3238.2966862163466
2101,3454.2945671254765
2102,3408.94722795398
2103,2474.9523638034584
2104,3089.9666022995752
2105,2666.860726736084
2106,2970.023169268672
2107,3055.2777976284633
2108,2727.1366683709753
2109,2894.374753249867
2110,2020.014649821657
2111,3191.4460697847353
2112,3200.457320835512
2113,2523.1903162237622
2114,3056.846952374499
2115,4030.5452451624146
2116,2098.6413003132275
2117,2855.2754650518145
2118,2604.560299219684
2119,2968.964623695702
2120,3009.056837136455
2121,3356.262805650654
2122,2362.8070532037764
2123,3147.2474099967144
2124,2412.7341493695617
2125,3240.501159354127
2126,2595.4583184234616
2127,2539.0948546963564
2128,3261.545270586023
2129,2945.6234416464467
2130,2592.8452945244417
2131,2415.194809838772
2132,3173.570079704686
2133,3154.260333944294
2134,2888.905162751759
2135,2769.6814166055788
2136,3019.396139489346
2137,3174.5448191217047
2138,3022.004863227758
2139,2921.6085780466674
2140,2676.5472404882094
2141,2841.947689558549
2142,3314.9305032426228
2143,2838.9234206199076
2144,3058.6542493172874
2145,3386.2261227303147
2146,3139.981073087204
2147,2435.548936588286
2148,2519.6384627936663
2149,2853.255435187814
2150,2682.2120524052852
2151,2888.0721083367257
2152,2347.7748918936777
2153,2961.997527673021
2154,2690.003594142319
2155,3287.2244532305376
2156,2791.8424930404767
2157,2841.5809087365656
2158,2752.5509894480024
2159,3782.74822250342
2160,3072.0281070570395
2161,3128.1080087016326
2162,2648.507272127173
2163,2906.5996609847666
2164,2930.934059343235
2165,3068.035767325534
2166,2510.7696064017405
2167,2792.7008653555954
2168,2860.187454671465
2169,2863.6212881496554
2170,2926.5770495854713
2171,2721.910971553128
2172,3057.8839539243945
2173,2694.474044750743
2174,3166.2770687048396
2175,2368.933432655836
2176,3038.0458832717063
2177,2618.86212580935
2178,2720.2419540655683
2179,2468.9374304028584
2180,2989.8519787014848
2181,2800.8628041438033
2182,3031.72464239701
2183,2692.334588357389
2184,2753.2170240774753
2185,2418.5494367552033
2186,2645.290106459577
2187,2712.365895055469
2188,3477.8148670232536
2189,3181.4805009187457
2190,2741.6491984550767
2191,2894.507449057248
2192,3462.5055852769
2193,2790.8701683831264
2194,2880.252496475735
2195,2823.540404702856
2196,2975.122522530745
2197,2901.6244416405452
2198,2785.500330947295
2199,2995.819331815933
2200,2613.7716363808045
2201,3144.763209176543
2202,2929.7062859537805
2203,3516.1511608905294
2204,2419.2661947818992
2205,3323.1287485271314
2206,2735.2784321301638
2207,3101.241214465758
2208,2088.2879997952205
2209,2769.576220509925
2210,2549.9201665170826
2211,3269.485262844629
2212,2742.983347973066
2213,2848.6896140981016
2214,2581.2780209758635
2215,2878.2081139496627
2216,2810.921310903462
2217,2465.803738325534
2218,2523.9426332648627
2219,2730.6317938812117
2220,3607.8389761384915
2221,2621.380868625771
2222,2637.8673092004833
2223,3007.592601491889
2224,2804.588807907172
2225,2565.5756672567063
2226,3253.810819380255
2227,3128.1097793436206
2228,2688.0313916459627
2229,2511.4340631907094
2230,3019.7125468910135
2231,3421.6842375862593
2232,2500.3811598439183
2233,3736.463091796903
2234,2903.8032956954403
2235,2353.2226682159376
2236,2965.7564110518906
2237,2891.1330750807238
2238,2732.7431109900226
2239,2973.1505564044537
2240,2965.4923629944697
2241,2819.8488151725687
2242,2933.226803083494
2243,3346.805020527566
2244,2920.3820761702523
2245,3373.680438016841
2246,2756.8871073104006
2247,4136.0061297639895
2248,2500.7389136843467
2249,3091.072528141476
2250,3207.296362740734
2251,3122.6150744611523
2252,2551.5029990395537
2253,3284.2922111040307
2254,2895.970786096448
2255,3421.11515581595
2256,3099.2739120751085
2257,3032.8522176243205
2258,2863.304741036404
2259,3220.510965208278
2260,3035.7309781158574
2261,2648.1217024050025
2262,2692.521170363283
2263,2746.7317538746147
2264,2523.5182216851836
2265,2593.251208555814
2266,2633.446970028471
2267,2876.949425060927
2268,2928.2668127071765
2269,2819.480744434152
2270,2615.8406465551234
2271,2829.8544694096704
2272,3213.8856851656506
2273,2824.5545592913377
2274,2896.2421775112175
2275,2643.188075921409
2276,2947.35839550635
2277,3224.0836855345437
2278,2817.5409604660736
2279,2926.619140088127
2280,3186.14922053489
2281,2449.450047270185
2282,3286.934179742977
2283,3061.67967279614
2284,2870.306701236303
2285,3025.4723543358064
2286,2345.0560721665092
2287,3031.307292926962
2288,2606.2829782973904
2289,2850.484202789543
2290,2514.6487903793536
2291,3633.8973588473136
2292,3029.842006527695
2293,2528.2187463322666
2294,3139.2207057738156
2295,2731.868906209074
2296,2781.502374446005
2297,3138.9084678805107
2298,2954.180195986251
2299,3389.8913923876758
2300,2989.7378938854845
2301,3211.613891006168
2302,2560.3981237774333
2303,2893.34875821788
2304,3110.196845008858
2305,3200.5654247939915
2306,3345.7985349107284
2307,2904.883586704214
2308,3707.887500487468
2309,2800.905507318783
2310,2898.275803208082
2311,2897.5059024517695
2312,3206.0389044893673
2313,2868.642612884009
2314,2399.420254404145
2315,2687.2153052791546
2316,3054.6707001718382
2317,2547.2467373291656
2318,2499.5511898460436
2319,3081.102885944568
2320,2571.4769505088016
2321,3298.035935261723
2322,2661.0975664345533
2323,2451.65293637527
2324,2984.2425677944884
2325,3085.0426297329177
2326,3469.2133504528233
2327,2686.4106555584303
2328,3534.699208782527
2329,2396.534823961207
2330,3086.218168243602
2331,3051.424303196006
2332,2812.2795435008484
2333,2880.800726680352
2334,3186.978484413116
2335,3596.930691886554
2336,2992.210711491372
2337,3798.6426357454134
2338,2351.5187800671983
2339,2294.2382465646524
2340,3003.660524251788
2341,2879.2497225107068
2342,2806.583866701968
2343,3479.474322867095
2344,2379.69380941254
2345,2728.473105736383
2346,2899.751865265704
2347,2766.9543421927574
2348,2989.3070026113664
2349,2768.135548314749
2350,2426.1147922773257
2351,2858.3495039434138
2352,2994.583347822448
2353,3340.0469318223327
2354,2814.8835529446615
2355,2242.3025125576846
2356,2705.66206503422
2357,3024.4836551112985
2358,3171.085022912988
2359,3081.6288040792433
2360,2766.0437365279563
2361,2750.5895041390304
2362,2460.7635109106222
2363,2827.832389575113
2364,2381.1887259828536
2365,3930.608712789885
2366,3038.6728619944656
2367,2477.5952688204875
2368,2407.93807696421
2369,2857.311030180201
2370,2806.8641271216006
2371,2890.470180466964
2372,2840.2922850106434
2373,3100.1085161166347
2374,2843.289653787905
2375,3135.824288488459
2376,2525.969011251923
2377,2952.9211211390975
2378,2844.3790532200605
2379,3883.8993105365244
2380,2952.770431163579
2381,3288.3467006798664
2382,2599.507844195063
2383,2770.5812296217887
2384,3046.9248222057986
2385,3181.162485069661
2386,2460.76993891479
2387,3017.09961076127
2388,3189.0469148253605
2389,3017.8153004347023
2390,3015.14709417554
2391,2532.0346349660376
2392,2867.925803195418
2393,3260.6948887928534
2394,3141.7275642000063
2395,2383.0426579308996
2396,2915.1019734066176
2397,3329.08189787244
2398,2733.115547506755
2399,2850.914875001217
2400,2865.812796129138
2401,3173.131724800309
2402,2991.5043182223094
2403,3290.026469375843
2404,2738.222607778602
2405,2132.125007893482
2406,2631.5335975936737
2407,2965.2591274331608
2408,2681.2800649455257
2409,3110.403695734739
2410,3228.830206929942
2411,2429.6062110448584
2412,3127.256103616398
2413,3080.515884503162
2414,3101.551963952361
2415,2963.104266540097
2416,2939.8169317579045
2417,3164.440872414279
2418,2800.3821766126975
2419,2872.501997718548
2420,3129.952944549055
2421,3036.0162278179846
2422,2976.2069304192387
2423,4299.311393118855
2424,2691.482499376951
2425,2639.5981805111733
2426,3083.635434299836
2427,3161.944244314239
2428,2443.892131091815
2429,2970.1833244350405
2430,3125.3170801676074
2431,3018.153465090394
2432,3639.5069001253855
2433,2828.2766654502675
2434,2610.5795181978574
2435,3444.2350578061382
2436,2772.349264439108
2437,2785.9072163433057
2438,2920.210661150349
2439,2757.7611213599566
2440,3977.587114786176
2441,2981.6911813406136
2442,2952.246273045585
2443,3438.103482921799
2444,2679.2606221880433
2445,2602.0714805891485
2446,3065.473014605013
2447,2614.50991145258
2448,2701.526027388841
2449,2346.9617489072457
2450,2496.394635096246
2451,1889.6386145303004
2452,2896.7991497720536
2453,4011.248349101033
2454,3293.0563976990006
2455,3822.564819339778
2456,2582.8051126428472
2457,2513.1636247690803
2458,3343.0561025136208
2459,3243.3900029981683
2460,3013.6706255231607
2461,2978.9951255733686
2462,2387.1696137552904
2463,3335.1933413000256
2464,3126.230732427175
2465,2597.0117199945184
2466,3098.701057874437
2467,3710.419439880336
2468,3075.449712500931
2469,2809.7907812418352
2470,3423.6649744151714
2471,3319.1718406339337
2472,2794.5052233933257
2473,3325.140585685807
2474,2778.5346055055297
2475,3292.1179158159566
2476,3262.6959166468123
2477,2891.29540409639
2478,2575.6271623480975
2479,2921.14779465251
2480,3162.21838497228
2481,3009.569670640598
2482,2922.6508793123694
2483,2806.9020046220485
2484,2910.57393511911
2485,3019.222075762912
2486,2278.318056475003
2487,2753.224363854168
2488,2884.125809896836
2489,2346.892152722964
2490,2947.0740505798944
2491,3199.598045795826
2492,2713.7451495188734
2493,2988.476405703996
2494,3215.3374549527625
2495,2836.8449133194927
2496,2730.732983723094
2497,3828.2885644518
2498,3070.472302871771
2499,2709.5643972801163
2500,2874.3648922449406
2501,2565.8552623664436
2502,2622.348901744962
2503,2760.6271587216206
2504,3206.962411952312
2505,3191.8475722182725
2506,2957.317705756813
2507,3306.187666981458
2508,2439.1984427400325
2509,2760.4123469141064
2510,2725.9252714000054
2511,3914.500974025126
2512,2857.16598997852
2513,2724.118934869138
2514,3074.5259600221584
2515,2421.809542267124
2516,3084.414658399696
2517,3190.6876091301324
2518,2997.2318471930266
2519,3042.917022345053
2520,2589.16738878125
2521,2066.240128417778
2522,2618.475011318385
2523,2664.8542193610574
2524,3502.973840323563
2525,2913.7985112732363
2526,2638.280522543238
2527,2549.78560079701
2528,3021.117019514102
2529,2689.349714265084
2530,2838.2031502139043
2531,2753.467271632705
2532,3223.6891532539657
2533,3325.208260993013
2534,3220.621554900351
2535,2562.713220001183
2536,2518.308743437507
2537,3379.4849616130473
2538,3216.2200615634665
2539,3320.3526445418097
2540,2769.5501354908597
2541,3575.7356909237155
2542,3056.8386258104365
2543,2736.9502084828555
2544,2660.9313574327207
2545,3385.7154829151227
2546,3375.7567512321216
2547,2438.676398746858
2548,3042.049220811837
2549,3201.7266842279396
2550,2847.9644960744836
2551,3032.2720775017506
2552,2733.601420602434
2553,3185.9357639445657
2554,3153.5307111649636
2555,3744.229824445937
2556,2462.1169763436355
2557,3399.0289105976635
2558,3011.1401972501835
2559,2718.208380089395
2560,2857.2455711762564
2561,2576.010980560509
2562,3095.996012861731
2563,3115.268582779968
2564,3207.238165374971
2565,2977.5539327083693
2566,3157.2281040567486
2567,3255.971253219382
2568,2812.839894988153
2569,2549.9923426763626
2570,2977.827358539366
2571,2430.252279803605
2572,2961.7985250356296
2573,2959.265177741906
2574,2430.2615068703594
2575,2999.8366024970423
2576,2937.0019170330124
2577,3344.706244737909
2578,2465.992107833489
2579,2519.3916254461337
2580,2774.7948260438075
2581,2693.6832764547567
2582,3065.92986759778
2583,2979.341071178712
2584,3000.1911422710373
2585,3556.110884047304
2586,3011.043698349228
2587,3026.4310836251984
2588,2812.3871286903254
2589,2944.793646371315
2590,2907.817171392022
2591,2872.3987302768573
2592,3037.4103974788013
2593,3574.991192522721
2594,2681.731338716188
2595,3086.3042470550968
2596,2156.273342602394
2597,3208.913682575889
2598,3222.030028880168
2599,3600.0387649909367
2600,3652.1335762145877
2601,3069.215215819511
2602,3127.190069038673
2603,2643.037049172957
2604,2993.5466788624444
2605,3208.9768969020047
2606,2706.2257152764696
2607,2880.384507422759
2608,3016.257551722731
2609,2526.8456892054373
2610,2500.477168056329
2611,3097.742010642989
2612,2719.205434900196
2613,2871.625509536211
2614,2936.7105030070716
2615,2622.301954763918
2616,2919.0722850105813
2617,3069.3470956312867
2618,2692.2171351634547
2619,2995.413919660378
2620,2868.3231488203996
2621,3208.3890945219005
2622,2797.1592400104673
2623,2848.0391565614404
2624,2706.5705787413053
2625,2721.2997750671566
2626,2339.2786394385976
2627,3142.4647271801696
2628,2836.8910109536823
2629,3671.028133176879
2630,2825.8658490992916
2631,3091.4481401350845
2632,2758.142178572685
2633,3289.9511868602467
2634,2936.5426706332546
2635,2499.2847719549195
2636,2988.149719098527
2637,3397.2157943293014
2638,2758.8877232355294
2639,2612.455207897035
2640,3439.234462049809
2641,3032.2410519237155
2642,3327.0324950034515
2643,3268.3675474728125
2644,3219.2294434765054
2645,3651.652955943085
2646,3350.1675515502066
2647,2594.6947046332552
2648,2534.615057687824
2649,2981.0211094422657
2650,2909.3003183434225
2651,3249.716597521694
2652,2692.4464001358087
2653,2968.6747847313995
2654,2669.717609855318
2655,3273.854899292918
2656,2856.4889723503484
2657,2761.6528488229364
2658,3347.191116188774
2659,2596.630314541211
2660,2459.258286830619
2661,3555.9312411179826
2662,2505.6146275524143
2663,2587.5219199708044
2664,2885.714459684447
2665,2734.805729317169
2666,2808.220515273504
2667,2728.0956295251717
2668,2490.155423041088
2669,2969.5599227304906
2670,2967.8996843448563
2671,3289.863235850605
2672,3076.721871633841
2673,3113.342073172332
2674,2617.99287242096
2675,2233.8270284167265
2676,2820.072229141136
2677,3181.8501399526035
2678,2774.551350913301
2679,2178.8091490185243
2680,3601.730421027914
2681,2853.972318195402
2682,2844.447523597228
2683,2922.1156979899856
2684,3299.379427354295
2685,2544.0160999915242
2686,2679.9380340629036
2687,4200.930262832307
2688,3123.992795769758
2689,3389.9977466535593
2690,2740.722395644646
2691,2807.3992274036855
2692,2325.188493242823
2693,3275.1128696322407
2694,2957.9210257438576
2695,2755.8095652466586
2696,3259.1655105408054
2697,2738.659407018382
2698,2968.664816717906
2699,2740.81688679085
2700,3402.106799701893
2701,3045.59241489698
2702,2699.5330362573
2703,3003.570900782844
2704,2648.2993061811394
2705,3308.4271129229082
2706,2513.7212816414813
2707,3532.5580851893683
2708,2738.961600441435
2709,2711.86806916631
2710,2861.0390619433
2711,2853.9130543976767
2712,2910.739527924146
2713,2584.61376122152
2714,2653.0665079066953
2715,3132.3733698398323
2716,2854.5785438005773
2717,3518.9951911726407
2718,3190.816633208813
2719,3262.4062985473593
2720,2940.458372256857
2721,2455.6490218320178
2722,3219.8096908867406
2723,3016.108226902101
2724,2754.241111658964
2725,2722.684614948441
2726,2701.820694507333
2727,3089.36127840389
2728,2889.6816490732303
2729,2373.3364350424167
2730,2445.6601414131583
2731,3684.0398409425634
2732,2314.2480908508655
2733,2225.6173364456954
2734,2564.6147026535846
2735,2793.1165245241145
2736,2458.2411156776643
2737,2815.684250651442
2738,3011.36909397257
2739,3044.4377219311946
2740,3063.672711475188
2741,3103.358168791381
2742,3053.569390830312
2743,2418.9565231403276
2744,2508.9261295857864
2745,2800.3421809909682
2746,3174.1357155721253
2747,2912.8087333968924
2748,3418.9664454604463
2749,2764.9098017642823
2750,2805.191839420482
2751,2769.3751291474186
2752,2450.7335772238257
2753,3337.3677793726433
2754,2725.3691803449105
2755,2853.4206314063154
2756,2983.146591273109
2757,2432.9662996271836
2758,2695.482798340322
2759,3225.8818088607086
2760,3169.824865273531
2761,3512.923133557701
2762,2654.3533730211293
2763,2306.551906737789
2764,2860.902857268545
2765,2771.556707947234
2766,3170.55811510394
2767,2848.2984314606424
2768,2521.6138185344607
2769,3349.080502821181
2770,2204.8263878869643
2771,3295.496431739171
2772,3048.2768640146346
2773,2702.511828959856
2774,2782.739227490648
2775,3414.759957069511
2776,2518.1115304502528
2777,2548.790629163615
2778,3261.3664561959577
2779,3269.8043306994527
2780,2557.6664757033877
2781,3022.4125794797087
2782,2292.521255395135
2783,2931.66387648979
2784,2555.8879813207154
2785,2450.8004247768667
2786,2964.512505449889
2787,2680.337654333848
2788,1757.7635140354978
2789,2254.6234690247397
2790,2706.356369354186
2791,2721.79545349988
2792,2880.593870746162
2793,2819.871838780484
2794,2894.3359504513423
2795,2542.7961228308914
2796,3104.296662866138
2797,2943.1112539560963
2798,2958.3023939307864
2799,2741.458888039951
2800,2692.538904657827
2801,2739.153061886395
2802,2664.174612516399
2803,3460.101456809975
2804,2391.1553555274313
2805,3542.4904175600795
2806,2958.4460053398807
2807,2715.3988026997567
2808,3477.898957825869
2809,3153.4385015011885
2810,2960.1389782593365
2811,3096.4099287455983
2812,2619.718319283209
2813,3024.412762675639
2814,2845.957786076781
2815,2843.0834273453793
2816,3069.7589654685416
2817,2782.384740532206
2818,2793.5583283164524
2819,3923.865806827175
2820,3239.1373440645866
2821,3106.224527792372
2822,2779.0750021321787
2823,2406.2528567522136
2824,2722.236770748109
2825,3239.8782640143772
2826,2627.7926105621286
2827,3135.683531753546
2828,2476.111448896065
2829,3347.060616739536
2830,3069.564817594675
2831,2978.859450973587
2832,2594.5442110586196
2833,2568.377444703131
2834,2612.6856024287754
2835,2818.1908780382428
2836,3000.7300444378197
2837,3220.444636586979
2838,2648.0829057064484
2839,2396.2839639131057
2840,2549.7999461036725
2841,2920.6102130776144
2842,2942.4039068762286
2843,2642.0916994219633
2844,2916.6611122501135
2845,3065.0403151079236
2846,2833.837047882902
2847,2778.9976355295985
2848,2982.398300230387
2849,3711.2656574989455
2850,2946.8801607080654
2851,3334.438928534015
2852,3088.314686519412
2853,2961.9322494280304
2854,3327.8068916875327
2855,2841.134369429264
2856,2502.0043090175923
2857,2905.528197994439
2858,2735.8873136129178
2859,2670.812729072046
2860,3057.800724752384
2861,3163.637022845293
2862,2917.927101942318
2863,3825.65170332302
2864,2839.9102211616196
2865,2496.1468187680994
2866,3699.394308241095
2867,2931.3878951234733
2868,2803.375417762736
2869,3339.7945074808476
2870,2735.5169655766435
2871,3299.144091988583
2872,3624.084443145431
2873,2741.0876276867875
2874,2385.4303293484395
2875,3435.892206709893
2876,2935.2153557765364
2877,3301.373752417794
2878,2862.875133147824
2879,2906.5774918701677
2880,3007.418764425654
2881,2580.7022290199707
2882,2960.5986041485567
2883,2495.3281946855273
2884,3241.708700685929
2885,2711.5482767109715
2886,2606.708545299262
2887,2714.2256556681773
2888,3065.333037259857
2889,2735.3188969620387
2890,2585.3580129745674
2891,2687.7646929543166
2892,2735.5279531407414
2893,3474.1046129725714
2894,2901.5832265835893
2895,2672.7568661838422
2896,3028.2586481569783
2897,2823.769049160063
2898,3231.9439633121756
2899,2580.9443575309037
2900,2298.196409511366
2901,3215.777275208001
2902,2336.694785410287
2903,3124.5305480372053
2904,2989.126623674516
2905,2289.394347747356
2906,2843.056481686224
2907,4065.856434409718
2908,2858.352495721886
2909,2936.1655775440154
2910,2803.929523311988
2911,2499.146137293785
2912,2777.798003956531
2913,2893.50285231956
2914,2578.409088733035
2915,3143.5377105560037
2916,2921.615218475421
2917,3007.259047289565
2918,2631.0842936186978
2919,2614.3756131838772
2920,2690.822220392604
2921,2464.2980258100833
2922,2825.6213857237044
2923,2590.4085001806875
2924,2731.1672503279124
2925,2767.5300561015874
2926,2718.501088326662
2927,3437.1113841447277
2928,2586.169598742759
2929,2655.799094608118
2930,3684.8362399013904
2931,2541.3557246512655
2932,3507.794328648165
2933,3379.5481969564166
2934,2619.055350783965
2935,2653.275757713948
2936,2839.4710648877085
2937,3732.1642403296755
2938,2935.9434973013676
2939,2768.6934342410823
2940,3071.924321012964
2941,3284.86683580965
2942,2257.4794028769015
2943,2811.0411400235776
2944,2999.4634315921467
2945,2813.065033216746
2946,2653.737718339895
2947,3028.3042394590375
2948,2713.757769420943
2949,3232.3728804781103
2950,2813.7535011396535
2951,3703.962721023688
2952,2380.304073872664
2953,2518.6849131987447
2954,2839.2947947251437
2955,3015.3691589235723
2956,2418.047492470764
2957,3129.776347113804
2958,2280.587979665804
2959,2567.850020157474
2960,3391.386009621409
2961,2788.22498740136
2962,2327.3421473920566
2963,3093.329636530794
2964,3317.16881389453
2965,2875.5844140422355
2966,2981.6095692714684
2967,2537.8286146744817
2968,3230.9709821541246
2969,2900.554066695477
2970,2062.456759141898
2971,2583.7310605045113
2972,2781.131771812237
2973,3226.9045701446908
2974,2768.907015577358
2975,2258.8782788944604
2976,2757.4349892843156
2977,2596.926292246977
2978,2793.252291702826
2979,2968.865875232851
2980,2683.7948582226472
2981,3668.832440371604
2982,3173.55321264717
2983,2764.276520590876
2984,3286.2822194102337
2985,3256.344315632242
2986,3093.4943224751787
2987,2590.840861310674
2988,2613.260421454402
2989,3235.9766952379114
2990,2896.267639751422
2991,2960.220970584977
2992,2362.5832655287327
2993,2507.1139995065732
2994,3315.2492811254615
2995,4157.629985519376
2996,2388.2175129056445
2997,3074.4604679552976
2998,2765.658404085337
2999,2467.22172021319
3000,3217.6585340059055
3001,3099.285982606529
3002,2829.8354331404103
3003,3365.670175389107
3004,2959.9774186916056
3005,2891.9250714900913
3006,3042.033041897716
3007,3113.232810330335
3008,2320.0245699838865
3009,2854.599086598187
3010,2550.0256437928265
3011,2906.9031864229155
3012,3361.376283585057
3013,2493.545356674038
3014,2544.488143190645
3015,2910.54990663724
3016,2714.4774816751947
3017,3266.826583937673
3018,2698.7134438196213
3019,2292.188743589273
3020,2847.8509890485257
3021,2719.3480927398778
3022,2711.2359777343595
3023,2972.163412000705
3024,2783.7516043918213
3025,3182.5305066897427
3026,2827.452944372505
3027,2561.0076503532523
3028,3111.4398638347443
3029,2903.127082141712
3030,3252.0510314199178
3031,2895.069543400644
3032,2736.672367156638
3033,2650.308341577985
3034,2369.3159658004006
3035,2591.6970756306923
3036,2906.1424278121294
3037,2847.3877280888305
3038,2839.6335907316884
3039,4376.792889946253
3040,2648.782096707884
3041,3456.5131168363177
3042,2955.1390936987755
3043,2402.4432082710023
3044,3182.258013580025
3045,3383.462858366353
3046,2986.6640437279175
3047,3390.3788236824657
3048,2469.432006924005
3049,3290.7796505286015
3050,2598.7447596154225
3051,3120.120407405488
3052,2408.691934132124
3053,2883.015525358939
3054,2802.534887846547
3055,2873.5334811568846
3056,2671.9369599178517
3057,2876.996142641044
3058,2882.665660426062
3059,3127.899481662343
3060,2422.5964842805124
3061,2727.4330608281407
3062,3581.3943085942005
3063,2775.534024475067
3064,2830.742000651859
3065,3269.7675380405512
3066,2985.8972254079863
3067,2817.914602663602
3068,2689.372218318127
3069,3515.7021530005245
3070,2936.4038067948095
3071,3129.198199844785
3072,3503.924391227165
3073,2986.119391409154
3074,2928.9025696343183
3075,2540.7330358002437
3076,2863.212409103686
3077,3237.9693448816724
3078,2826.90662319433
3079,2991.9888397217474
3080,2939.9896894296016
3081,2176.8797934686586
3082,3350.63152594308
3083,3774.241261950765
3084,3102.3872859745475
3085,3191.1331892399826
3086,2667.045742002763
3087,3189.1649993761243
3088,2595.4283825204957
3089,2948.113447804157
3090,3075.49807141026
3091,3116.7544872116937
3092,3297.265972428795
3093,3279.9745828836762
3094,3006.367190543653
3095,2838.3864037876156
3096,2408.6692751377964
3097,2703.5878766128976
3098,2856.1054837065117
3099,3015.1212379107824
3100,3158.722455657727
3101,2481.7344588682004
3102,2936.5755103205875
3103,2543.1126570680663
3104,2922.9655704072734
3105,2359.051287261394
3106,2923.5485566595717
3107,3005.021891474718
3108,2380.0451636748235
3109,2605.057852140377
3110,3499.6357343593963
3111,3414.669810217939
3112,2623.171608860337
3113,3123.2197659200738
3114,3012.6441058290557
3115,2711.1837405265305
3116,2825.7945705542465
3117,3228.052115481728
3118,3071.6800931543576
3119,2940.0362610532975
3120,2932.7846964168034
3121,2821.3739150971824
3122,3159.458502752652
3123,2909.0385785716103
3124,3203.0073236607277
3125,3182.1112309566493
3126,2750.467541282938
3127,3932.8338101751465
3128,2362.7957390115903
3129,2766.9226096204
3130,3465.495060317609
3131,2706.812679482657
3132,2559.175644177534
3133,2474.705808666642
3134,3132.1854265145507
3135,3439.320121509463
3136,2949.071788963593
3137,2792.495131824239
3138,2436.326972521912
3139,2843.426530570505
3140,2523.9931628029485
3141,2615.500557019722
3142,2519.872613039685
3143,2771.602439600552
3144,2923.0753838374626
3145,2544.065473511203
3146,3287.679867551669
3147,2832.6168024527333
3148,2537.8777132724717
3149,3060.475655116558
3150,3029.250306719968
3151,2995.2145649566232
3152,2725.1269027774742
3153,3024.6692651034377
3154,2935.2648028528083
3155,3136.8336025708745
3156,2634.7679085234195
3157,3260.001498404804
3158,3161.8312036217512
3159,2872.628717689204
3160,2577.8730457045363
3161,3011.4273641872883
3162,2843.969835559398
3163,2861.4266726929172
3164,3156.5460212765342
3165,3300.0403457559987
3166,3072.4061376968284
3167,3606.1488409655126
3168,2816.808677080539
3169,2985.740447190355
3170,3384.9028527862206
3171,3387.1550080227544
3172,2399.6155804705004
3173,3300.4459249714973
3174,3093.1973557179003
3175,2925.4567269223207
3176,2855.907135708735
3177,2864.1202728361454
3178,3474.41435288915
3179,3305.8120699364263
3180,3224.09834124184
3181,2844.199686588273
3182,2075.449136051833
3183,3299.5097681600996
3184,2827.397771673761
3185,3007.2287749039965
3186,2495.1368509163285
3187,2579.251713913682
3188,2803.84283613517
3189,2973.098393136041
3190,2658.6969381177005
3191,2805.8399102660796
3192,3004.223024985684
3193,2461.0959175820453
3194,3138.4343135673157
3195,2939.338862254354
3196,2566.8606719410514
3197,2864.0508693698266
3198,2510.0967203259797
3199,2193.9795851135636
3200,2900.751411729604
3201,3753.244608088067
3202,2892.053196048951
3203,2668.730738378189
3204,2940.9970555800105
3205,3129.16441426658
3206,3088.5331949075835
3207,2685.0044345185943
3208,2905.743315983152
3209,3055.9356235495816
3210,2747.179445996622
3211,2995.825042756768
3212,2478.6070096165026
3213,2563.400356737677
3214,2415.4191162309826
3215,4320.668737679402
3216,3053.1885949584716
3217,3663.6130367733667
3218,2533.5500261873035
3219,2509.724088153594
3220,3127.2731496472065
3221,3021.1466637750823
3222,2890.598137179607
3223,3107.8409634780364
3224,2338.5712555650352
3225,2877.606703265692
3226,2738.3069802458745
3227,2682.171196166331
3228,3355.2112190434573
3229,3028.9409418151413
3230,2933.2461580408744
3231,2495.566498585355
3232,2769.989498463476
3233,2356.6205991529127
3234,2629.6531628754674
3235,3087.4711449222405
3236,2787.2641068692274
3237,2999.9134387012928
3238,2958.45465529405
3239,2566.479382629258
3240,2883.8567532022785
3241,3148.715758432949
3242,2415.5212065666087
3243,2750.728761672006
3244,2992.518641681303
3245,3488.71294843956
3246,2851.9131840733967
3247,3051.8575654601555
3248,2932.984066918226
3249,2833.950269083399
3250,2844.56025808949
3251,2678.915156377727
3252,2737.9470127570985
3253,3049.785831882954
3254,2861.2489864613763
3255,3037.4492689048398
3256,2724.8347015282993
3257,2383.79260633433
3258,3016.0772984501623
3259,4127.862009382193
3260,2813.7280392530197
3261,2791.1415124066184
3262,3180.59343065275
3263,2980.9931519805455
3264,2920.354536680475
3265,2956.2855858769362
3266,2626.5939180614723
3267,2657.8834624464985
3268,2415.2707275523285
3269,2786.56892364516
3270,2745.1145385040513
3271,2929.4828178267817
3272,2360.151469423057
3273,2554.9494852563234
3274,3181.276161489293
3275,3009.5572278234436
3276,3199.1750477898563
3277,3001.9429419363464
3278,3106.3343304961245
3279,2924.0835408038547
3280,2990.4901128156052
3281,2624.702269245852
3282,2901.4467739438433
3283,2867.3181255579316
3284,3221.6145021314055
3285,2274.693209781482
3286,2505.9304730524796
3287,2864.502723465239
3288,3378.0455314879455
3289,3404.21165708214
3290,3274.200503490888
3291,2718.287650694768
3292,3262.0365974842994
3293,3025.2897315699315
3294,2853.749402951646
3295,2938.3889081272314
3296,2339.353797756272
3297,3259.7962494826243
3298,3417.3595455787336
3299,2354.3989863230827
